"idUSer";"timestamp";"code";"idJoint0";"x0";"y0";"z0";"a0";"idJoint1";"x1";"y1";"z1";"a1";"idJoint2";"x2";"y2";"z2";"a2";"idJoint5";"x5";"y5";"z5";"a5";"idJoint6";"x6";"y6";"z6";"a6";"idJoint8";"x8";"y8";"z8";"a8";"idJoint11";"x11";"y11";"z11";"a11";"idJoint12";"x12";"y12";"z12";"a12";"idJoint14";"x14";"y14";"z14";"a14";"idJoint16";"x16";"y16";"z16";"a16";"idJoint17";"x17";"y17";"z17";"a17";"idJoint19";"x19";"y19";"z19";"a19";"idJoint20";"x20";"y20";"z20";"a20";"idJoint21";"x21";"y21";"z21";"a21";"idJoint23";"x23";"y23";"z23";"a23"
6;1341765241086;?;0;88.23698;198.31847;2619.1309;1.0;1;81.76399;255.96378;2623.6025;1.0;2;93.8288;292.19446;2573.6255;1.0;5;50.355007;263.2809;2555.717;1.0;6;32.4332;317.07208;2463.5608;1.0;8;59.25267;362.38156;2345.1968;1.0;11;111.588554;249.01576;2691.4878;1.0;12;123.24117;297.56873;2724.4585;1.0;14;143.32779;339.14386;2522.6106;1.0;16;77.83561;338.4704;2462.9487;1.0;17;86.78095;400.08917;2113.6277;1.0;19;120.97855;464.64346;2326.504;1.0;20;133.5668;321.65436;2584.3484;1.0;21;141.75826;418.6559;2564.4824;1.0;23;127.2904;490.15915;2711.3804;1.0
6;1341765241181;?;0;88.49866;198.05772;2621.7607;1.0;1;81.42153;256.13446;2622.5903;1.0;2;93.90584;292.32172;2574.1492;1.0;5;50.39935;263.6522;2555.0173;1.0;6;33.82121;320.3194;2459.7952;1.0;8;58.844254;364.82343;2345.4456;1.0;11;110.88527;248.9944;2690.1633;1.0;12;123.237175;297.8516;2722.2922;1.0;14;169.04236;340.27234;2482.6643;1.0;16;78.66709;338.69568;2465.1252;1.0;17;87.06846;399.62955;2116.478;1.0;19;120.161705;470.03232;2312.2588;1.0;20;133.74974;321.51062;2586.291;1.0;21;139.68074;419.15414;2562.66;1.0;23;127.732864;492.81564;2695.1755;1.0
6;1341765241254;?;0;88.65821;197.97356;2622.8774;1.0;1;81.33415;256.3056;2622.7002;1.0;2;93.7504;292.42792;2574.4866;1.0;5;50.221844;263.8119;2554.8286;1.0;6;33.17304;321.135;2456.722;1.0;8;56.703403;364.7077;2355.619;1.0;11;110.87683;249.17802;2690.5718;1.0;12;120.420006;297.7617;2689.8643;1.0;14;166.23006;338.701;2505.9558;1.0;16;78.35621;338.72107;2465.415;1.0;17;87.012596;399.8632;2116.4634;1.0;19;123.6531;463.00934;2352.6975;1.0;20;133.59424;321.55057;2587.1309;1.0;21;138.69476;418.811;2560.2766;1.0;23;128.71642;493.683;2686.7686;1.0
6;1341765241319;?;0;88.74429;197.86383;2623.6948;1.0;1;81.35028;256.32455;2622.0227;1.0;2;93.67584;292.3023;2573.3176;1.0;5;50.28648;263.8391;2554.9043;1.0;6;33.082268;319.7165;2463.788;1.0;8;54.631046;369.9401;2360.7695;1.0;11;110.86341;249.18512;2689.141;1.0;12;121.44092;297.4371;2687.2747;1.0;14;167.14766;339.095;2495.1433;1.0;16;77.91775;338.53677;2463.8137;1.0;17;86.53234;399.56345;2116.0608;1.0;19;124.78816;466.3741;2322.5981;1.0;20;133.693;321.2168;2585.4114;1.0;21;139.12415;418.73016;2560.7085;1.0;23;129.3439;495.33347;2679.621;1.0
6;1341765241422;?;0;89.02265;197.92413;2625.7405;1.0;1;81.54616;256.25595;2621.6975;1.0;2;91.89368;292.77988;2559.2349;1.0;5;50.219044;263.31314;2564.9094;1.0;6;32.911457;319.19806;2475.2224;1.0;8;63.26587;358.86438;2319.7588;1.0;11;111.54492;249.498;2678.4856;1.0;12;123.593254;297.7381;2699.2664;1.0;14;154.48135;331.54337;2548.3457;1.0;16;65.898544;341.5416;2432.4402;1.0;17;89.484505;405.69623;2127.11;1.0;19;132.85632;464.79907;2353.6611;1.0;20;137.76749;321.24393;2561.104;1.0;21;152.2595;416.10815;2587.4165;1.0;23;131.8742;493.25757;2696.7012;1.0
6;1341765241520;?;0;89.29881;197.81383;2626.9175;1.0;1;81.950134;256.04395;2621.983;1.0;2;91.54101;294.22037;2575.656;1.0;5;50.35918;261.97177;2558.839;1.0;6;34.07732;318.28635;2483.7837;1.0;8;65.47418;356.95807;2311.46;1.0;11;112.05529;250.39496;2685.127;1.0;12;124.241745;298.48615;2712.301;1.0;14;162.02454;336.2283;2514.2415;1.0;16;69.76029;341.79654;2467.2437;1.0;17;89.021416;407.61038;2132.2993;1.0;19;131.87346;470.49823;2346.7458;1.0;20;131.68611;326.1773;2591.4143;1.0;21;140.40674;416.5224;2558.515;1.0;23;132.68842;490.7418;2695.1035;1.0
6;1341765241606;?;0;89.53909;197.63237;2627.9697;1.0;1;82.08581;255.98198;2622.0337;1.0;2;90.99791;292.85138;2563.6584;1.0;5;50.646683;260.5785;2552.4849;1.0;6;33.046246;317.85138;2471.7212;1.0;8;57.991787;366.9852;2336.1426;1.0;11;111.90024;251.62303;2691.5828;1.0;12;124.789925;298.53128;2729.0488;1.0;14;161.93333;338.12296;2517.791;1.0;16;74.20691;337.05435;2448.9578;1.0;17;90.504906;407.0421;2141.9282;1.0;19;130.53853;468.75684;2352.993;1.0;20;125.29513;326.07047;2561.6086;1.0;21;137.17924;418.44815;2551.331;1.0;23;133.8805;495.05032;2676.6343;1.0
6;1341765241696;?;0;89.9328;197.36414;2627.4802;1.0;1;81.71981;256.04883;2620.1;1.0;2;92.37026;292.11426;2579.4392;1.0;5;50.946793;261.90082;2546.4714;1.0;6;32.82725;318.97815;2464.4397;1.0;8;64.3688;355.58603;2324.7012;1.0;11;110.810555;250.51675;2693.7288;1.0;12;123.88657;297.82672;2731.368;1.0;14;161.35489;337.1817;2522.01;1.0;16;79.48698;335.6475;2481.946;1.0;17;90.295074;403.88037;2147.8108;1.0;19;128.7487;467.40967;2344.853;1.0;20;126.19128;323.29877;2595.6106;1.0;21;132.96663;419.89786;2535.641;1.0;23;136.90999;491.08444;2680.2632;1.0
6;1341765241788;?;0;90.37115;197.46327;2629.2876;1.0;1;81.68735;256.29633;2620.109;1.0;2;93.128136;292.00906;2571.5383;1.0;5;51.193275;263.20303;2555.025;1.0;6;32.91242;320.1189;2472.4048;1.0;8;64.19175;351.43015;2344.101;1.0;11;110.70322;249.72443;2685.193;1.0;12;124.15957;298.2354;2710.5598;1.0;14;170.16524;343.62674;2474.8518;1.0;16;79.409546;336.59802;2469.1174;1.0;17;83.421104;400.28024;2127.2117;1.0;19;128.10516;468.1402;2337.3938;1.0;20;129.53932;321.9092;2576.818;1.0;21;142.03174;418.61887;2550.7217;1.0;23;138.71661;489.6861;2684.9382;1.0
6;1341765241864;?;0;90.58653;197.56654;2629.6794;1.0;1;81.683334;256.26218;2620.186;1.0;2;93.49207;291.67477;2570.5107;1.0;5;51.353153;263.3315;2554.742;1.0;6;32.983868;319.7474;2471.599;1.0;8;60.96315;354.0563;2356.3098;1.0;11;110.53535;249.53735;2685.63;1.0;12;124.44111;297.83325;2711.5422;1.0;14;166.46535;340.14377;2491.4211;1.0;16;79.145424;336.47418;2464.2788;1.0;17;83.443954;400.14117;2126.3237;1.0;19;128.09483;469.01434;2336.5273;1.0;20;131.2187;320.84268;2577.392;1.0;21;142.0917;417.43262;2543.5298;1.0;23;141.37225;488.15768;2678.5825;1.0
6;1341765241956;?;0;90.657005;197.4808;2629.4675;1.0;1;82.51765;255.81076;2628.4739;1.0;2;91.23538;293.13885;2587.5833;1.0;5;51.316307;259.5972;2545.3423;1.0;6;32.59295;315.71118;2460.2134;1.0;8;61.374577;351.5958;2321.9114;1.0;11;111.80583;252.2565;2711.6055;1.0;12;124.19871;301.14438;2728.3977;1.0;14;159.4412;338.42896;2532.4417;1.0;16;78.68729;336.07288;2489.4858;1.0;17;84.64668;398.99518;2145.6135;1.0;19;123.625435;465.0322;2326.8435;1.0;20;120.83216;327.45215;2603.8997;1.0;21;158.78049;399.8992;2510.5698;1.0;23;143.94623;487.97308;2642.414;1.0
6;1341765242043;?;0;90.92336;197.60065;2630.4988;1.0;1;82.6112;255.96588;2626.9219;1.0;2;90.46641;293.52347;2583.5808;1.0;5;51.692146;259.3328;2548.1362;1.0;6;32.900467;315.2109;2463.0425;1.0;8;55.728905;364.85416;2339.8945;1.0;11;111.729645;252.79504;2705.7075;1.0;12;124.154854;301.50854;2724.054;1.0;14;151.69432;333.85645;2560.3567;1.0;16;78.22282;336.1977;2488.7292;1.0;17;84.58031;397.5273;2146.1667;1.0;19;128.02072;465.03067;2343.8767;1.0;20;118.14691;328.68;2591.75;1.0;21;159.17496;392.03183;2503.7942;1.0;23;145.0499;483.684;2632.8484;1.0
6;1341765242162;?;0;91.13632;197.75774;2630.0906;1.0;1;82.69544;256.14044;2625.303;1.0;2;90.9364;293.13583;2579.0977;1.0;5;51.38678;260.19504;2550.9453;1.0;6;32.5854;315.6149;2466.079;1.0;8;55.32454;366.51642;2346.989;1.0;11;112.279396;252.3092;2699.6604;1.0;12;125.61076;304.26074;2709.7007;1.0;14;161.45485;338.9572;2526.1626;1.0;16;77.33847;335.97125;2480.9424;1.0;17;83.66198;396.55142;2135.2285;1.0;19;128.24472;471.63275;2344.2495;1.0;20;120.72768;327.1712;2584.8423;1.0;21;150.65347;403.40805;2506.1907;1.0;23;143.21065;482.42728;2645.6409;1.0
6;1341765242285;?;0;91.296814;197.70944;2629.7083;1.0;1;82.86001;256.16953;2625.0254;1.0;2;92.395004;291.71008;2576.5178;1.0;5;51.64428;261.74142;2556.5999;1.0;6;32.591263;316.43173;2470.205;1.0;8;54.172047;367.3081;2362.4377;1.0;11;112.4897;250.88072;2693.4507;1.0;12;125.222595;302.48682;2705.737;1.0;14;159.9155;336.58694;2527.7913;1.0;16;76.80384;334.85217;2473.0415;1.0;17;83.41889;395.2818;2128.2524;1.0;19;128.1524;470.497;2335.634;1.0;20;126.70295;322.64246;2582.979;1.0;21;148.41438;408.52805;2543.3838;1.0;23;140.21706;483.41724;2658.2273;1.0
6;1341765242354;?;0;91.416306;197.73242;2629.2275;1.0;1;83.19017;256.20093;2622.1423;1.0;2;93.29111;290.75967;2573.6763;1.0;5;52.02052;262.65588;2557.0103;1.0;6;32.978477;317.44174;2471.5625;1.0;8;55.89013;367.1366;2368.2048;1.0;11;112.84888;250.05885;2687.2747;1.0;12;124.82799;300.8146;2709.736;1.0;14;143.38794;339.37244;2547.8508;1.0;16;75.86706;334.15875;2467.9517;1.0;17;83.6031;395.21225;2125.324;1.0;19;123.127396;468.82944;2338.4866;1.0;20;130.45473;319.46442;2582.4685;1.0;21;141.08395;411.10812;2556.9734;1.0;23;138.57355;483.5876;2663.7524;1.0
6;1341765242453;?;0;93.56122;198.13025;2613.487;1.0;1;84.42702;255.61702;2608.7139;1.0;2;94.993614;289.9852;2565.513;1.0;5;53.354553;262.71808;2545.8052;1.0;6;33.422817;317.53006;2474.259;1.0;8;57.70121;369.9712;2362.3179;1.0;11;114.036125;248.85037;2671.6226;1.0;12;124.50837;300.0943;2702.9666;1.0;14;144.89127;338.73148;2554.8289;1.0;16;75.803665;334.23715;2462.3088;1.0;17;84.86989;395.8798;2123.5337;1.0;19;122.49273;473.3593;2323.069;1.0;20;134.641;317.22885;2582.3152;1.0;21;139.89014;411.46683;2569.8284;1.0;23;135.11156;484.62787;2673.3555;1.0
6;1341765242523;?;0;94.47845;197.29597;2598.0525;1.0;1;84.78108;255.56075;2610.3247;1.0;2;95.84587;290.35934;2563.3665;1.0;5;53.594112;262.5966;2544.542;1.0;6;33.39873;316.64322;2471.0757;1.0;8;57.707825;369.77536;2360.333;1.0;11;114.4348;248.87077;2676.1072;1.0;12;124.43522;300.02982;2702.7976;1.0;14;148.5105;339.71252;2571.6636;1.0;16;78.2663;334.87714;2456.121;1.0;17;85.16113;394.31696;2126.701;1.0;19;118.01668;468.5582;2317.6118;1.0;20;135.02124;318.4303;2576.6956;1.0;21;138.55756;414.17303;2562.3933;1.0;23;133.78516;487.15222;2670.1091;1.0
6;1341765242621;?;0;100.50977;198.79831;2570.1504;1.0;1;89.29884;256.0766;2591.4126;1.0;2;97.43903;291.6831;2560.2705;1.0;5;56.476303;262.0221;2528.6094;1.0;6;34.446804;315.00467;2465.092;1.0;8;54.50083;360.73517;2304.7522;1.0;11;120.56809;250.41243;2654.2156;1.0;12;131.04787;298.37454;2705.9229;1.0;14;163.03773;340.38428;2511.1548;1.0;16;77.74983;334.85635;2475.9495;1.0;17;87.19257;393.13272;2141.3213;1.0;19;110.228325;467.89493;2341.4932;1.0;20;132.6551;321.75217;2582.3076;1.0;21;137.16104;418.13553;2536.0632;1.0;23;132.01003;489.12674;2652.9243;1.0
6;1341765242689;?;0;103.98147;198.19818;2531.9578;1.0;1;92.10189;256.0379;2565.4434;1.0;2;97.28406;296.64862;2544.5244;1.0;5;56.898838;259.5398;2493.289;1.0;6;36.681267;317.07562;2422.1707;1.0;8;72.4664;354.68298;2286.5115;1.0;11;125.37894;252.72758;2637.5977;1.0;12;134.7867;298.1278;2718.7437;1.0;14;160.01944;342.01553;2530.9983;1.0;16;75.675026;342.45456;2468.5896;1.0;17;89.36408;399.60867;2163.7024;1.0;19;116.08403;473.0224;2366.1096;1.0;20;128.2824;333.60358;2578.6213;1.0;21;142.08981;427.01312;2515.603;1.0;23;131.7805;493.53436;2632.2463;1.0
6;1341765242775;?;0;109.9633;197.21628;2503.9429;1.0;1;95.18782;254.85948;2537.127;1.0;2;98.52247;296.82443;2532.06;1.0;5;59.29361;257.46988;2464.195;1.0;6;38.652073;313.7802;2400.8975;1.0;8;73.29847;344.16345;2324.2644;1.0;11;129.07607;252.39497;2610.0588;1.0;12;138.55313;297.90213;2699.9556;1.0;14;162.63593;344.44727;2506.0208;1.0;16;77.09285;342.49725;2476.1245;1.0;17;91.309265;404.7177;2166.0056;1.0;19;120.215775;473.87344;2375.8892;1.0;20;125.67027;335.55774;2577.8618;1.0;21;140.18607;424.01797;2514.9749;1.0;23;131.83374;494.08072;2627.5066;1.0
6;1341765242861;?;0;116.8421;193.89284;2482.3254;1.0;1;100.826584;251.80762;2505.6233;1.0;2;102.04204;295.88156;2514.8613;1.0;5;65.79714;253.30368;2429.554;1.0;6;39.832737;305.21237;2395.5938;1.0;8;77.893974;343.68472;2311.199;1.0;11;133.79173;250.3997;2581.6924;1.0;12;143.99895;294.49854;2684.774;1.0;14;165.90292;351.1306;2466.9575;1.0;16;84.04679;341.96536;2481.4187;1.0;17;98.07628;403.8703;2191.7957;1.0;19;126.317215;468.72397;2402.7349;1.0;20;121.81184;337.37796;2566.7803;1.0;21;147.3586;422.4014;2495.9365;1.0;23;131.75821;499.9845;2608.312;1.0
6;1341765242957;?;0;123.311935;162.88611;2401.1;1.0;1;111.59921;226.88458;2433.352;1.0;2;107.360115;276.6304;2461.4656;1.0;5;78.744514;225.66711;2351.5493;1.0;6;56.72956;293.91714;2375.454;1.0;8;88.357956;333.5229;2264.4963;1.0;11;142.3168;228.02286;2515.155;1.0;12;151.46121;282.7117;2644.4011;1.0;14;159.91992;345.39825;2459.0085;1.0;16;84.64828;326.4876;2441.9907;1.0;17;103.09936;402.31833;2220.9233;1.0;19;130.30719;457.70868;2443.1577;1.0;20;121.088684;324.0641;2537.1672;1.0;21;139.82538;421.02585;2494.5173;1.0;23;135.28029;507.23172;2585.1506;1.0
6;1341765243034;?;0;125.4857;157.80724;2392.3796;1.0;1;110.8871;221.46844;2429.1963;1.0;2;107.29703;269.6011;2456.9507;1.0;5;75.95273;220.00516;2350.2368;1.0;6;61.024063;284.9378;2366.346;1.0;8;64.75368;348.04526;2297.2502;1.0;11;143.62193;222.8396;2508.1558;1.0;12;154.72987;274.48508;2621.6978;1.0;14;166.29025;345.98532;2454.979;1.0;16;84.10671;317.62912;2438.8586;1.0;17;103.437706;401.15994;2229.1704;1.0;19;129.30759;460.32925;2428.4583;1.0;20;122.75448;315.723;2530.5515;1.0;21;138.09111;414.4071;2483.122;1.0;23;137.46199;504.50827;2597.8054;1.0
6;1341765243180;?;0;126.16519;128.44423;2372.8972;1.0;1;110.02919;192.7196;2400.9407;1.0;2;110.98243;240.78093;2419.9062;1.0;5;74.46374;192.59445;2312.729;1.0;6;60.826954;259.5876;2319.6704;1.0;8;84.41817;315.54843;2233.6748;1.0;11;143.07385;192.83588;2489.152;1.0;12;153.18317;248.73814;2591.4556;1.0;14;157.4734;306.99765;2470.5332;1.0;16;93.77076;289.89102;2392.2131;1.0;17;99.007484;395.69446;2279.168;1.0;19;117.01818;469.15018;2437.7283;1.0;20;129.38953;286.36597;2485.5308;1.0;21;152.09894;378.76807;2414.3823;1.0;23;142.68478;486.67255;2600.1462;1.0
6;1341765243267;?;0;126.16519;128.44423;2372.8972;1.0;1;110.02919;192.7196;2400.9407;1.0;2;110.98243;240.78093;2419.9062;1.0;5;74.46374;192.59445;2312.729;1.0;6;60.826954;259.5876;2319.6704;1.0;8;84.41817;315.54843;2233.6748;1.0;11;143.07385;192.83588;2489.152;1.0;12;153.18317;248.73814;2591.4556;1.0;14;157.4734;306.99765;2470.5332;1.0;16;93.77076;289.89102;2392.2131;1.0;17;99.007484;395.69446;2279.168;1.0;19;117.01818;469.15018;2437.7283;1.0;20;129.38953;286.36597;2485.5308;1.0;21;152.09894;378.76807;2414.3823;1.0;23;142.68478;486.67255;2600.1462;1.0
6;1341765243399;?;0;125.41536;103.12968;2346.227;1.0;1;114.467026;170.99329;2362.9546;1.0;2;113.45381;221.20995;2368.565;1.0;5;77.527824;168.29443;2285.796;1.0;6;64.69141;236.94743;2291.5518;1.0;8;86.571884;298.33334;2180.2231;1.0;11;149.07011;173.52142;2440.113;1.0;12;155.23454;224.46375;2535.6284;1.0;14;163.07169;291.34116;2445.3997;1.0;16;97.162735;271.47147;2341.535;1.0;17;95.84035;378.89838;2277.0928;1.0;19;112.13002;459.42123;2398.244;1.0;20;127.31352;270.91473;2406.816;1.0;21;146.98312;376.60248;2393.2683;1.0;23;144.39622;452.80954;2518.5044;1.0
6;1341765243499;?;0;129.8598;93.938705;2325.3306;1.0;1;116.98587;163.44023;2346.3484;1.0;2;117.875916;214.72896;2347.1375;1.0;5;80.42907;161.68813;2277.7537;1.0;6;66.36333;225.88304;2263.2776;1.0;8;85.25438;287.5482;2095.9678;1.0;11;151.46593;165.09279;2414.943;1.0;12;158.05826;221.29033;2524.5994;1.0;14;174.43886;287.93195;2398.0303;1.0;16;101.13273;266.62857;2314.2612;1.0;17;94.18323;373.89178;2260.1694;1.0;19;108.82682;459.7256;2378.456;1.0;20;135.89949;265.3561;2381.5918;1.0;21;153.1544;373.1211;2356.6943;1.0;23;148.72235;452.78027;2485.7744;1.0
6;1341765243578;?;0;132.03737;91.616646;2316.08;1.0;1;119.53148;161.8155;2323.586;1.0;2;121.44296;213.51433;2322.4868;1.0;5;82.44204;160.36163;2250.4465;1.0;6;68.75421;223.40912;2237.2708;1.0;8;92.882675;289.2784;2077.5442;1.0;11;154.35724;163.18065;2396.7253;1.0;12;163.3225;218.19331;2514.6238;1.0;14;176.76033;285.5131;2393.5022;1.0;16;105.96102;266.16003;2286.4192;1.0;17;93.76668;375.49744;2253.2607;1.0;19;99.46674;460.7861;2359.879;1.0;20;140.23521;264.3908;2356.3562;1.0;21;152.69003;370.7596;2346.25;1.0;23;151.715;449.47452;2490.3208;1.0
6;1341765243684;?;0;138.29842;88.7053;2293.7427;1.0;1;125.09884;161.10052;2289.3955;1.0;2;127.087105;213.26212;2294.321;1.0;5;86.83327;160.06726;2221.02;1.0;6;76.13032;226.82167;2193.3071;1.0;8;105.93502;291.30798;2034.3593;1.0;11;161.14499;162.07385;2357.7708;1.0;12;165.11635;219.36343;2489.6558;1.0;14;180.90752;279.2478;2383.6792;1.0;16;111.02301;266.22745;2266.243;1.0;17;94.62855;375.73727;2255.9287;1.0;19;100.160576;457.9446;2348.8225;1.0;20;146.60005;264.20206;2332.2505;1.0;21;169.96811;370.13147;2250.196;1.0;23;175.52948;471.28876;2378.2183;1.0
6;1341765243773;?;0;149.22522;88.77707;2253.8447;1.0;1;135.76498;162.15442;2240.948;1.0;2;138.16862;214.09515;2251.9126;1.0;5;98.78637;161.70134;2176.6543;1.0;6;82.89499;229.99855;2161.016;1.0;8;114.55506;297.09906;2003.4767;1.0;11;170.68092;162.58224;2305.2417;1.0;12;175.41681;219.8236;2443.3535;1.0;14;194.49353;288.07535;2346.2908;1.0;16;120.646614;266.9375;2227.332;1.0;17;100.40255;374.39685;2229.826;1.0;19;101.654;455.0974;2345.9944;1.0;20;159.83575;264.171;2298.4224;1.0;21;177.512;366.40268;2217.9243;1.0;23;192.7908;462.4219;2251.1797;1.0
6;1341765243867;?;0;161.2028;87.41811;2210.7903;1.0;1;152.19579;160.35643;2205.7114;1.0;2;153.66441;214.52145;2218.2783;1.0;5;116.44075;159.37656;2144.3499;1.0;6;98.71885;226.3062;2133.1748;1.0;8;125.108025;301.90057;1981.2094;1.0;11;186.0153;161.28326;2267.073;1.0;12;186.4868;221.27805;2391.0525;1.0;14;206.5084;281.3236;2308.3816;1.0;16;134.3393;269.3009;2194.2725;1.0;17;119.28466;382.02435;2197.8457;1.0;19;105.683525;458.90076;2296.12;1.0;20;175.22337;266.89108;2267.4177;1.0;21;192.25677;374.0382;2156.7266;1.0;23;195.60034;465.20178;2247.6875;1.0
6;1341765243988;?;0;183.1821;81.8425;2183.6238;1.0;1;167.97002;156.89545;2157.2888;1.0;2;171.9696;209.95277;2149.977;1.0;5;127.25777;158.21255;2118.7512;1.0;6;117.2107;221.84209;2107.2112;1.0;8;129.58492;302.51678;1962.0591;1.0;11;207.25327;155.62457;2195.8267;1.0;12;218.84985;218.27226;2302.9187;1.0;14;235.90443;288.92905;2210.2698;1.0;16;151.05458;265.3728;2118.968;1.0;17;150.91762;387.8366;2051.8022;1.0;19;126.533516;460.72562;2207.369;1.0;20;200.39275;261.4154;2166.3623;1.0;21;202.48509;376.42633;2131.9707;1.0;23;199.53403;464.28043;2260.1255;1.0
6;1341765244072;?;0;192.66707;75.9916;2154.589;1.0;1;178.75452;152.96503;2132.6624;1.0;2;180.80388;207.40857;2122.7786;1.0;5;137.95024;152.51048;2090.4202;1.0;6;124.83092;220.38947;2081.009;1.0;8;132.7796;304.84122;1935.5691;1.0;11;217.97375;153.40189;2174.9043;1.0;12;224.43935;216.86539;2291.502;1.0;14;249.92294;293.18228;2180.0923;1.0;16;159.45724;263.37128;2088.626;1.0;17;161.33672;391.25192;1969.0995;1.0;19;129.83904;463.16748;2117.0046;1.0;20;205.75583;261.37463;2137.1638;1.0;21;211.53204;377.60733;2116.955;1.0;23;204.32666;468.33472;2229.981;1.0
6;1341765244159;?;0;206.51434;72.75696;2122.0396;1.0;1;194.19742;145.53593;2088.6614;1.0;2;193.73433;201.85811;2078.553;1.0;5;152.4549;142.60242;2038.3146;1.0;6;139.51332;214.2665;2057.6904;1.0;8;137.96497;299.36627;1889.1088;1.0;11;233.9749;148.33136;2139.008;1.0;12;238.80907;211.00282;2260.113;1.0;14;271.51553;294.22073;2130.9517;1.0;16;171.2136;258.6581;2041.8147;1.0;17;180.80138;386.56192;1926.9153;1.0;19;176.59311;468.467;2070.8152;1.0;20;214.75922;258.80157;2095.0745;1.0;21;221.1263;379.7487;2091.1064;1.0;23;203.12627;480.51288;2179.8076;1.0
6;1341765244267;?;0;215.37393;70.28714;2097.4583;1.0;1;199.26665;144.6423;2068.6223;1.0;2;199.57654;200.54797;2054.6206;1.0;5;156.39122;142.2227;2020.5287;1.0;6;143.28612;213.53659;2040.002;1.0;8;143.94524;301.43393;1864.7311;1.0;11;240.19377;146.95197;2116.7163;1.0;12;247.41394;208.41833;2228.259;1.0;14;282.45416;290.08176;2101.151;1.0;16;177.26892;257.3581;2015.3007;1.0;17;188.68472;385.17902;1894.038;1.0;19;189.9096;469.26776;2060.1165;1.0;20;221.95798;257.08698;2065.937;1.0;21;226.97899;374.71588;2079.319;1.0;23;212.50453;472.97726;2171.939;1.0
6;1341765244386;?;0;221.1215;65.93952;2066.3887;1.0;1;206.6095;143.28802;2051.0464;1.0;2;207.35538;198.85562;2038.268;1.0;5;166.59938;141.06874;2003.3027;1.0;6;149.68556;211.04549;2017.0057;1.0;8;148.49924;301.51797;1846.1057;1.0;11;244.79929;145.40634;2098.79;1.0;12;253.43163;207.47174;2205.5667;1.0;14;293.27853;290.0077;2057.6536;1.0;16;185.8608;255.37263;1998.9728;1.0;17;198.80656;385.0621;1873.0931;1.0;19;229.40813;472.4693;2059.7002;1.0;20;229.78548;254.8825;2052.0063;1.0;21;235.51222;373.91473;2069.0745;1.0;23;223.07518;474.0142;2193.6372;1.0
6;1341765244478;?;0;238.74553;61.01271;1955.9456;1.0;1;224.78825;143.51218;1973.932;1.0;2;225.13872;197.95592;1954.4303;1.0;5;179.61543;139.855;1916.8563;1.0;6;165.24509;211.64224;1946.5251;1.0;8;161.5142;307.04242;1805.3103;1.0;11;267.42215;146.96379;2031.0076;1.0;12;277.88293;211.65666;2073.0435;1.0;14;308.76163;299.098;1953.202;1.0;16;201.74658;253.29602;1905.0913;1.0;17;208.66606;388.85074;1895.7684;1.0;19;231.5406;475.11102;2053.9226;1.0;20;248.52461;253.6921;1964.766;1.0;21;251.37152;378.29797;2008.7227;1.0;23;229.15492;463.2477;2222.9124;1.0
6;1341765244581;?;0;243.77148;55.083447;1913.9481;1.0;1;232.02855;138.59639;1890.2742;1.0;2;233.76904;197.91298;1875.2004;1.0;5;187.13132;138.03688;1860.5293;1.0;6;176.07326;214.03271;1891.9215;1.0;8;171.02808;317.69995;1733.0282;1.0;11;275.5347;139.13857;1920.019;1.0;12;282.23364;202.8794;1999.5709;1.0;14;312.62015;295.11682;1883.3274;1.0;16;210.44281;258.94785;1843.6315;1.0;17;208.39677;391.26053;1909.4458;1.0;19;232.5829;479.13974;2055.5723;1.0;20;260.1915;257.44733;1876.622;1.0;21;268.46237;385.89914;1860.1813;1.0;23;237.52724;457.20148;2212.4216;1.0
6;1341765244658;?;0;247.54149;53.32529;1884.4154;1.0;1;236.91676;136.59062;1864.3064;1.0;2;239.32047;197.40057;1848.6328;1.0;5;192.00662;135.38957;1823.0775;1.0;6;179.5066;212.07828;1877.504;1.0;8;173.76427;314.2868;1716.176;1.0;11;279.88354;137.73972;1905.5353;1.0;12;284.7283;203.85953;1978.1948;1.0;14;312.0934;300.73914;1856.9182;1.0;16;217.7086;260.0951;1810.9675;1.0;17;221.78699;409.28497;1824.3964;1.0;19;235.08563;486.69308;2014.4531;1.0;20;265.25153;258.4259;1854.951;1.0;21;270.94107;387.13934;1866.9557;1.0;23;241.48817;453.52472;2212.6233;1.0
6;1341765244743;?;0;251.44052;49.29566;1847.721;1.0;1;241.28152;134.71228;1843.7177;1.0;2;243.88147;196.36122;1828.9508;1.0;5;195.15823;133.51518;1801.2898;1.0;6;179.75226;208.9724;1843.2104;1.0;8;178.97438;310.26508;1679.6117;1.0;11;285.32977;135.85551;1886.1455;1.0;12;287.6489;204.50087;1968.4645;1.0;14;313.0433;289.0615;1817.6307;1.0;16;220.80843;259.9813;1790.6062;1.0;17;247.47826;406.33298;1747.6753;1.0;19;238.5153;491.84457;1985.8123;1.0;20;271.57922;258.07104;1837.7618;1.0;21;280.78677;390.13406;1844.5013;1.0;23;244.89613;455.52362;2191.6729;1.0
6;1341765244821;?;0;254.08163;43.98255;1806.6641;1.0;1;246.27109;132.75462;1807.6614;1.0;2;248.70366;195.0779;1797.8113;1.0;5;198.81927;132.68924;1779.5239;1.0;6;180.37433;209.46136;1822.508;1.0;8;182.59915;309.45273;1626.5454;1.0;11;292.2683;132.818;1835.799;1.0;12;295.94986;200.55934;1953.5422;1.0;14;318.2225;290.9973;1778.1335;1.0;16;222.73145;259.23798;1771.1539;1.0;17;240.09004;403.76657;1746.5682;1.0;19;240.80467;494.9517;1971.4236;1.0;20;279.06506;256.9592;1804.7683;1.0;21;287.57202;391.29532;1830.3828;1.0;23;249.71979;457.91937;2168.8167;1.0
6;1341765244908;?;0;261.91003;32.326626;1709.245;1.0;1;254.08249;125.51715;1740.1487;1.0;2;257.0962;190.91461;1736.0416;1.0;5;204.13689;126.949684;1727.1134;1.0;6;187.45639;209.48727;1760.9949;1.0;8;184.49634;303.59338;1531.3329;1.0;11;303.28537;124.10592;1753.184;1.0;12;325.604;194.3124;1842.0586;1.0;14;338.718;297.3311;1664.759;1.0;16;228.97545;258.13412;1723.8132;1.0;17;238.5864;408.40533;1722.5432;1.0;19;245.57532;501.3481;1945.1028;1.0;20;290.98215;255.12445;1740.056;1.0;21;301.74002;400.99377;1731.7483;1.0;23;261.57773;474.16827;2071.0415;1.0
6;1341765244977;?;0;262.9902;25.286427;1668.5282;1.0;1;255.27882;122.47735;1718.0985;1.0;2;258.7556;189.1407;1708.7537;1.0;5;204.2253;124.82615;1711.6638;1.0;6;192.26169;208.27864;1739.6334;1.0;8;183.8342;304.09833;1523.4911;1.0;11;305.95135;120.146065;1724.5331;1.0;12;328.00427;193.83334;1807.1288;1.0;14;343.8563;296.26874;1628.9586;1.0;16;229.66815;258.35992;1695.3369;1.0;17;236.80894;410.01212;1704.6215;1.0;19;245.9947;503.66187;1928.0361;1.0;20;294.71732;254.72322;1703.4808;1.0;21;304.30063;405.50177;1688.2327;1.0;23;267.1046;479.71985;2035.9966;1.0
6;1341765245056;?;0;268.3132;23.106615;1627.2124;1.0;1;260.39264;120.70849;1679.9209;1.0;2;261.22275;189.0182;1672.2108;1.0;5;209.59775;122.029625;1685.9103;1.0;6;194.31418;206.84148;1728.6561;1.0;8;183.2493;303.1008;1532.4033;1.0;11;311.55103;119.37789;1673.9314;1.0;12;335.7214;198.45412;1701.5134;1.0;14;350.61478;303.69098;1585.947;1.0;16;229.76393;258.49066;1668.2687;1.0;17;235.43512;408.63947;1693.0797;1.0;19;246.39221;504.10406;1912.1996;1.0;20;294.50372;257.42844;1660.7328;1.0;21;301.92532;415.93832;1588.698;1.0;23;271.96082;487.053;1999.9216;1.0
6;1341765245140;?;0;266.7183;17.361546;1590.0347;1.0;1;263.0382;116.22528;1650.3319;1.0;2;262.89603;187.16284;1647.9729;1.0;5;212.67653;117.58531;1668.281;1.0;6;195.77367;203.59326;1716.069;1.0;8;182.97177;301.19644;1536.9241;1.0;11;314.50742;114.835335;1632.3828;1.0;12;338.59418;198.7082;1680.629;1.0;14;352.69894;315.06003;1566.8094;1.0;16;230.45343;258.19565;1657.049;1.0;17;234.88509;407.86975;1685.0859;1.0;19;247.6078;505.10095;1902.9464;1.0;20;295.50546;258.41342;1634.1788;1.0;21;300.275;416.1204;1591.5858;1.0;23;275.84854;493.12094;1963.2666;1.0
6;1341765245224;?;0;266.0942;12.764871;1567.4381;1.0;1;265.2099;114.55985;1633.9537;1.0;2;264.64005;186.52692;1631.6871;1.0;5;215.39548;116.27174;1659.8755;1.0;6;200.90308;201.62766;1710.7742;1.0;8;183.07549;306.35687;1557.6044;1.0;11;316.63034;112.792786;1608.032;1.0;12;341.1268;199.13564;1666.1511;1.0;14;353.73016;316.74323;1534.3335;1.0;16;231.54808;258.34216;1646.2098;1.0;17;235.2169;407.44046;1679.393;1.0;19;248.5914;506.1569;1891.9154;1.0;20;297.26633;259.05353;1612.6312;1.0;21;299.1535;416.9634;1591.9685;1.0;23;279.3577;498.65857;1932.4419;1.0
6;1341765245327;?;0;270.21082;12.271968;1538.2925;1.0;1;276.98196;113.34436;1581.3308;1.0;2;276.12625;187.21263;1588.4137;1.0;5;231.79457;116.85227;1645.9045;1.0;6;229.35692;204.23221;1729.6572;1.0;8;197.9635;311.60718;1665.8442;1.0;11;326.01694;109.53776;1516.7572;1.0;12;357.58493;202.48714;1524.0785;1.0;14;350.92172;335.64426;1434.462;1.0;16;248.31439;259.07303;1633.8015;1.0;17;234.58252;410.4398;1660.5685;1.0;19;249.95834;508.24026;1869.5836;1.0;20;303.56836;261.84363;1557.1915;1.0;21;298.55453;420.0825;1567.4739;1.0;23;285.81613;496.95786;1822.8013;1.0
6;1341765245433;?;0;273.25256;10.137526;1521.1444;1.0;1;281.3546;111.15367;1562.7899;1.0;2;280.4217;186.54663;1577.4473;1.0;5;242.18782;114.74734;1643.907;1.0;6;242.75998;204.34059;1734.6484;1.0;8;211.26683;311.9175;1694.9706;1.0;11;324.80994;107.16651;1481.6729;1.0;12;355.24997;202.00554;1478.3328;1.0;14;345.56924;340.28513;1372.2863;1.0;16;256.7146;258.34772;1639.2842;1.0;17;238.48462;409.1814;1663.018;1.0;19;252.08858;509.999;1859.9028;1.0;20;303.68936;262.8897;1544.925;1.0;21;297.56848;423.64465;1544.5223;1.0;23;287.36545;502.41772;1797.184;1.0
6;1341765245535;?;0;277.27148;0.46216142;1491.4893;1.0;1;286.7301;110.70157;1539.4292;1.0;2;285.75354;185.21176;1557.1041;1.0;5;259.4126;115.39637;1650.7085;1.0;6;252.1631;201.42212;1737.2363;1.0;8;239.0102;309.8283;1746.5692;1.0;11;318.30472;105.275154;1428.15;1.0;12;349.06268;202.24461;1399.743;1.0;14;309.62268;341.14243;1281.4235;1.0;16;267.04324;254.6283;1647.3041;1.0;17;258.48135;401.6263;1664.6073;1.0;19;267.09067;509.3892;1847.506;1.0;20;304.26895;261.8008;1502.2539;1.0;21;298.26666;426.1538;1509.535;1.0;23;291.17303;516.9011;1735.6001;1.0
6;1341765245643;?;0;278.24738;2.932714;1496.5793;1.0;1;288.1361;111.482414;1525.3795;1.0;2;288.78607;185.07407;1548.036;1.0;5;267.44894;116.29452;1654.6204;1.0;6;266.88416;199.72209;1746.7854;1.0;8;291.07498;265.84842;1852.6268;1.0;11;312.6533;105.77939;1396.1385;1.0;12;337.1875;204.17087;1332.8418;1.0;14;273.0465;335.2149;1285.5867;1.0;16;276.66977;252.54533;1649.7129;1.0;17;267.0359;399.2194;1675.4626;1.0;19;281.87698;511.21506;1837.082;1.0;20;303.51535;260.96353;1491.6722;1.0;21;303.76205;423.80704;1519.1323;1.0;23;297.32162;527.01465;1710.1448;1.0
6;1341765245745;?;0;277.23355;9.819519;1482.4186;1.0;1;290.39816;111.63581;1525.1837;1.0;2;292.49905;184.9456;1548.3165;1.0;5;274.75507;116.88305;1661.1582;1.0;6;278.617;196.39384;1762.4578;1.0;8;296.40353;264.77298;1864.8894;1.0;11;309.10355;105.36141;1389.2094;1.0;12;333.44547;201.84962;1319.2715;1.0;14;249.78957;320.60748;1346.0007;1.0;16;284.74084;252.0648;1654.4685;1.0;17;275.49628;397.01773;1692.3727;1.0;19;295.02127;512.9997;1822.5901;1.0;20;305.42828;260.5791;1488.43;1.0;21;305.03098;422.99744;1521.1783;1.0;23;303.37866;535.34436;1685.2688;1.0
6;1341765245846;?;0;276.78348;16.930529;1509.8329;1.0;1;291.396;116.82601;1535.674;1.0;2;297.5455;188.93065;1554.8214;1.0;5;278.5801;123.38565;1671.7042;1.0;6;285.02686;199.48914;1766.8683;1.0;8;296.20114;267.24075;1887.8914;1.0;11;306.703;108.99131;1399.6437;1.0;12;322.3575;202.28261;1319.9633;1.0;14;253.35855;329.4025;1409.1678;1.0;16;294.58743;256.01547;1661.7133;1.0;17;290.82803;399.13574;1711.5233;1.0;19;307.51422;521.85736;1786.4454;1.0;20;313.56104;262.93204;1486.2245;1.0;21;323.13272;428.3333;1497.5912;1.0;23;311.9723;544.0404;1653.463;1.0
6;1341765245958;?;0;270.8503;42.88212;1562.8687;1.0;1;292.43002;125.72194;1538.9434;1.0;2;304.96365;196.61333;1546.6005;1.0;5;282.71295;135.50758;1680.5637;1.0;6;292.90384;208.90927;1776.3387;1.0;8;295.42938;277.33182;1885.1818;1.0;11;304.11676;113.95273;1397.3231;1.0;12;317.98456;199.8351;1327.144;1.0;14;262.33524;325.91815;1421.5789;1.0;16;308.38507;265.20648;1660.6897;1.0;17;304.50583;405.51862;1732.416;1.0;19;317.71716;536.22003;1767.8804;1.0;20;327.68402;268.64117;1447.8253;1.0;21;328.67923;434.2306;1487.3003;1.0;23;318.7567;555.2429;1627.8364;1.0
6;1341765246059;?;0;260.9136;59.266666;1584.7014;1.0;1;294.14255;139.09157;1536.8817;1.0;2;312.0152;207.46893;1536.5719;1.0;5;289.0888;150.12428;1687.7502;1.0;6;298.36307;210.86147;1487.0331;1.0;8;295.28516;289.2821;1861.963;1.0;11;300.29648;125.65701;1386.0131;1.0;12;322.92697;202.99446;1317.8192;1.0;14;281.94363;313.85007;1407.474;1.0;16;323.5459;274.9547;1649.7611;1.0;17;315.42273;411.6934;1742.2814;1.0;19;330.14233;542.84955;1765.1973;1.0;20;337.25723;276.9397;1422.7632;1.0;21;342.21255;432.22687;1526.8379;1.0;23;325.12012;567.2819;1608.2406;1.0
6;1341765246161;?;0;258.7475;87.31049;1604.5544;1.0;1;296.1805;152.17354;1536.6941;1.0;2;318.5202;217.46936;1530.9125;1.0;5;295.22278;163.09647;1692.5764;1.0;6;301.57837;223.742;1533.1827;1.0;8;281.29617;345.70438;1379.6333;1.0;11;297.35446;138.7844;1380.8119;1.0;12;318.16278;212.69658;1302.4011;1.0;14;277.71902;329.7367;1405.5696;1.0;16;337.28687;282.41452;1635.9481;1.0;17;353.95187;424.52258;1698.6797;1.0;19;335.8329;554.1212;1747.1249;1.0;20;345.35815;284.2385;1414.3135;1.0;21;362.71597;425.75952;1571.2898;1.0;23;325.5821;572.7403;1573.4523;1.0
6;1341765246304;?;0;260.9385;113.91071;1596.7269;1.0;1;302.39417;197.97408;1523.2747;1.0;2;331.2052;253.47452;1484.3324;1.0;5;310.5271;211.19916;1664.978;1.0;6;307.35983;224.6122;1526.9889;1.0;8;272.6872;401.30902;1414.5762;1.0;11;292.5929;182.03609;1381.5713;1.0;12;303.45108;275.01318;1301.1615;1.0;14;277.73148;293.91565;1311.6102;1.0;16;362.6643;313.21213;1490.2617;1.0;17;344.73083;447.54535;1641.4528;1.0;19;333.957;569.1404;1738.8577;1.0;20;360.40298;310.63916;1400.5184;1.0;21;337.92984;480.3577;1434.1343;1.0;23;335.50662;595.4198;1591.6774;1.0
6;1341765246398;?;0;260.06885;138.09344;1585.051;1.0;1;303.78256;209.16339;1519.5886;1.0;2;331.83667;266.42715;1470.1998;1.0;5;313.77994;224.10666;1663.2096;1.0;6;294.88443;267.77942;1412.749;1.0;8;286.35425;376.58572;1309.3704;1.0;11;291.69818;191.10062;1375.9677;1.0;12;302.7045;283.53226;1269.1176;1.0;14;273.11;336.2775;1358.7366;1.0;16;363.97247;329.68616;1475.2902;1.0;17;332.8579;488.25424;1513.0374;1.0;19;340.93875;573.37836;1732.6243;1.0;20;359.53986;325.49728;1366.3319;1.0;21;333.8176;492.1493;1428.7623;1.0;23;337.42902;609.6461;1577.5583;1.0
6;1341765246508;?;0;269.4167;151.3881;1580.2677;1.0;1;307.443;220.57101;1517.0225;1.0;2;335.851;282.38303;1450.1677;1.0;5;317.6298;238.38507;1655.6516;1.0;6;306.5049;283.79865;1388.6301;1.0;8;290.25497;406.21686;1319.4938;1.0;11;295.20718;199.17372;1378.3932;1.0;12;300.73404;292.20538;1257.1011;1.0;14;277.5005;299.59326;1361.9368;1.0;16;368.94473;352.7673;1427.9175;1.0;17;334.23215;505.00888;1509.8202;1.0;19;344.3615;592.7808;1717.5446;1.0;20;364.93585;347.3991;1338.7085;1.0;21;336.44495;510.9355;1420.7019;1.0;23;344.95078;636.2699;1545.183;1.0
6;1341765246586;?;0;279.53256;159.9544;1570.5793;1.0;1;313.6221;228.9393;1512.766;1.0;2;339.54034;294.16928;1448.0317;1.0;5;309.80984;250.36496;1650.1271;1.0;6;296.42685;297.45718;1388.0807;1.0;8;278.98853;417.9706;1306.3519;1.0;11;318.1958;203.2341;1375.4049;1.0;12;317.56882;294.6246;1241.9703;1.0;14;293.31772;293.9045;1363.2462;1.0;16;363.7195;370.53357;1443.377;1.0;17;337.4506;518.96564;1535.6438;1.0;19;347.5569;610.71014;1725.707;1.0;20;372.42746;360.0186;1323.218;1.0;21;331.74164;524.0813;1399.4652;1.0;23;344.99164;652.30554;1517.346;1.0
6;1341765246683;?;0;295.36765;166.5454;1552.6478;1.0;1;319.16492;235.0287;1498.4263;1.0;2;345.85745;299.8603;1434.448;1.0;5;315.1258;256.94034;1641.3079;1.0;6;304.9774;299.96793;1346.7897;1.0;8;286.47446;430.90677;1303.7527;1.0;11;324.05554;208.49786;1355.5448;1.0;12;317.94583;300.99097;1235.3901;1.0;14;290.40482;294.64423;1369.9098;1.0;16;371.06284;375.25784;1425.9512;1.0;17;337.36246;519.0684;1535.9822;1.0;19;347.41257;616.63934;1710.8068;1.0;20;379.35736;365.8513;1314.9883;1.0;21;334.58517;529.1322;1393.4526;1.0;23;350.78192;657.22363;1511.1365;1.0
6;1341765246755;?;0;319.20135;165.37112;1518.4994;1.0;1;357.02402;257.1416;1429.1492;1.0;2;372.24557;318.85504;1385.4452;1.0;5;354.5746;268.96634;1549.2002;1.0;6;305.40283;289.13318;1315.9017;1.0;8;285.92725;402.12204;1290.4495;1.0;11;359.92267;243.14806;1309.0983;1.0;12;355.30457;343.64313;1197.5706;1.0;14;287.77786;397.24338;1445.7871;1.0;16;385.64688;385.71036;1404.3792;1.0;17;342.87024;525.4841;1526.8424;1.0;19;355.25214;626.9241;1690.3993;1.0;20;391.546;383.35745;1279.1033;1.0;21;339.5087;536.7702;1394.793;1.0;23;355.68045;666.5129;1506.3942;1.0
6;1341765246844;?;0;332.43716;165.18561;1498.7067;1.0;1;363.6286;258.42383;1410.7544;1.0;2;378.64633;324.3323;1374.8538;1.0;5;356.73877;268.84662;1542.8723;1.0;6;317.84113;296.7773;1285.0128;1.0;8;291.8882;401.61523;1267.7026;1.0;11;371.94223;245.84712;1278.6366;1.0;12;362.06195;348.42923;1191.1183;1.0;14;302.5391;363.1408;1373.2701;1.0;16;389.3774;393.15137;1403.1469;1.0;17;340.11276;531.4355;1523.4512;1.0;19;354.53323;633.03015;1685.079;1.0;20;400.0742;394.4617;1274.7593;1.0;21;347.16473;547.4298;1390.449;1.0;23;362.81445;676.75574;1502.0502;1.0
6;1341765246921;?;0;346.11285;167.55566;1477.3896;1.0;1;369.84036;258.43088;1400.5916;1.0;2;384.06503;329.7543;1373.0048;1.0;5;361.88312;265.8711;1539.1567;1.0;6;326.6639;298.51422;1268.9653;1.0;8;300.1395;406.94522;1269.2269;1.0;11;379.54498;249.35689;1262.0265;1.0;12;363.27057;353.8278;1189.3553;1.0;14;301.92786;371.10794;1375.1826;1.0;16;393.7603;401.26263;1406.6667;1.0;17;334.02426;538.2329;1517.0402;1.0;19;351.10095;645.04803;1663.6152;1.0;20;404.47342;407.00394;1284.1691;1.0;21;351.55606;557.9073;1399.8588;1.0;23;366.7841;685.6544;1511.46;1.0
6;1341765247017;?;0;362.13492;162.63333;1460.0846;1.0;1;383.7152;259.55692;1385.4766;1.0;2;395.14655;336.9094;1367.0525;1.0;5;371.2788;264.06677;1530.0867;1.0;6;350.2455;321.41104;1408.9595;1.0;8;311.80283;392.11557;1211.7772;1.0;11;399.05023;253.99588;1240.8665;1.0;12;364.6543;357.74933;1189.6174;1.0;14;304.0591;382.6561;1394.3767;1.0;16;399.1516;410.91995;1419.614;1.0;17;340.92374;550.34186;1517.1781;1.0;19;362.7921;657.3936;1658.1274;1.0;20;415.48874;422.43695;1277.6427;1.0;21;361.4089;572.7657;1393.3324;1.0;23;375.97232;699.96497;1504.9336;1.0
6;1341765247085;?;0;366.84506;159.89473;1453.4778;1.0;1;388.61734;258.91248;1381.625;1.0;2;399.08923;338.0259;1364.0165;1.0;5;375.8365;263.04752;1527.5891;1.0;6;356.37534;322.1909;1420.4828;1.0;8;317.12375;374.4973;1237.5587;1.0;11;404.4177;253.80052;1235.6608;1.0;12;370.3911;363.35983;1180.1034;1.0;14;303.4216;383.85895;1394.4757;1.0;16;401.26398;412.73676;1425.2313;1.0;17;350.41965;554.48035;1520.8416;1.0;19;371.41705;662.19714;1658.5464;1.0;20;419.47202;426.48547;1267.5846;1.0;21;364.6658;577.5687;1383.2743;1.0;23;379.08405;705.26526;1494.8755;1.0
6;1341765247190;?;0;374.09647;156.99455;1442.8037;1.0;1;391.99084;258.07156;1378.9205;1.0;2;404.83527;340.92618;1351.2638;1.0;5;379.3401;264.99106;1524.2672;1.0;6;360.05356;326.4065;1425.2177;1.0;8;322.67578;374.2101;1227.2727;1.0;11;407.62277;249.52145;1233.5739;1.0;12;378.84814;359.8374;1170.5039;1.0;14;307.04794;382.76837;1383.5277;1.0;16;406.54468;420.14706;1428.5415;1.0;17;356.73193;562.1995;1521.719;1.0;19;379.7188;669.2278;1658.1981;1.0;20;431.89822;435.5616;1218.6727;1.0;21;374.0057;591.396;1334.3624;1.0;23;388.1908;722.34485;1445.9636;1.0
6;1341765247272;?;0;389.46414;152.46104;1424.0403;1.0;1;400.2726;259.06418;1371.6449;1.0;2;409.62198;341.69452;1354.0535;1.0;5;387.9302;262.7793;1521.2043;1.0;6;364.7738;325.14752;1441.2482;1.0;8;325.43808;374.9026;1228.1641;1.0;11;415.63596;254.43974;1222.0854;1.0;12;380.68127;365.29312;1161.046;1.0;14;272.23358;408.24;1428.813;1.0;16;409.68924;417.95016;1430.8207;1.0;17;359.75873;559.9245;1523.9982;1.0;19;382.46527;666.99286;1660.4773;1.0;20;430.19333;436.34912;1242.1033;1.0;21;373.44507;589.42725;1357.793;1.0;23;387.44656;718.43756;1469.3942;1.0
6;1341765247356;?;0;394.32617;152.42099;1410.5825;1.0;1;402.48123;257.8631;1370.1707;1.0;2;411.25433;341.8046;1352.9448;1.0;5;390.83337;261.38992;1519.4856;1.0;6;367.1936;324.755;1446.9785;1.0;8;325.70328;374.13596;1226.8212;1.0;11;416.9782;253.47357;1220.8556;1.0;12;383.53018;368.21185;1153.7235;1.0;14;271.86414;409.49445;1430.6893;1.0;16;411.4551;419.25116;1427.891;1.0;17;361.32025;561.41925;1521.0685;1.0;19;383.93835;668.5538;1657.5476;1.0;20;430.35672;437.85498;1243.5471;1.0;21;373.65485;590.64233;1359.2368;1.0;23;387.62668;719.4338;1470.838;1.0
6;1341765247433;?;0;396.28223;151.8598;1405.9958;1.0;1;405.0302;257.36865;1367.6104;1.0;2;412.94095;342.01303;1352.363;1.0;5;393.99255;260.24176;1517.419;1.0;6;368.77997;324.17874;1451.1593;1.0;8;313.25046;408.80148;1238.0068;1.0;11;418.78345;253.78871;1217.8016;1.0;12;383.4816;369.78406;1151.4574;1.0;14;307.51315;427.99194;1349.843;1.0;16;413.07562;419.7401;1425.8861;1.0;17;362.7752;562.06586;1519.0636;1.0;19;385.30075;669.2768;1655.5427;1.0;20;430.12024;438.69385;1248.3455;1.0;21;373.63788;590.87256;1364.0352;1.0;23;387.56555;719.22784;1475.6364;1.0
6;1341765247525;?;0;399.34793;151.91946;1399.8851;1.0;1;408.68744;257.54846;1362.176;1.0;2;415.66016;343.19055;1350.3617;1.0;5;399.83054;259.17548;1511.7538;1.0;6;369.54843;323.0263;1456.8505;1.0;8;314.60077;408.35156;1244.5127;1.0;11;419.72937;255.52;1212.5981;1.0;12;382.06317;372.98587;1148.4742;1.0;14;314.54703;396.2101;1317.7692;1.0;16;416.62784;421.0944;1422.7177;1.0;17;366.00394;563.6344;1515.8951;1.0;19;388.306;670.9214;1652.3743;1.0;20;429.70657;440.83582;1254.3772;1.0;21;373.5078;592.1637;1370.0669;1.0;23;387.38858;719.89923;1481.6681;1.0
6;1341765247623;?;0;400.54846;152.01497;1397.7045;1.0;1;410.29932;257.85678;1361.4949;1.0;2;416.55865;343.04227;1358.8535;1.0;5;401.72635;256.82;1510.3021;1.0;6;369.90323;320.90616;1459.0946;1.0;8;314.28232;405.3518;1251.4136;1.0;11;420.97626;259.148;1212.6876;1.0;12;380.75293;376.4051;1149.7283;1.0;14;269.6401;413.33408;1424.6332;1.0;16;418.1286;419.97864;1423.6194;1.0;17;367.44263;562.50244;1516.7969;1.0;19;389.61374;669.82434;1653.276;1.0;20;428.04926;438.038;1288.8049;1.0;21;373.36456;585.88696;1404.4946;1.0;23;386.9407;711.18384;1516.0958;1.0
6;1341765247705;?;0;400.86603;151.80591;1399.5039;1.0;1;411.51654;257.17868;1362.9429;1.0;2;422.61493;343.19046;1369.0981;1.0;5;410.03958;252.9122;1506.8921;1.0;6;379.0462;319.21658;1468.2953;1.0;8;320.37793;399.6656;1263.5767;1.0;11;413.34238;262.4528;1218.9937;1.0;12;372.8824;381.51157;1152.1953;1.0;14;298.7306;445.20773;1371.3619;1.0;16;431.8873;418.50598;1441.5248;1.0;17;380.9573;559.45636;1534.7023;1.0;19;401.7872;665.87714;1671.1814;1.0;20;435.5155;439.36374;1308.9822;1.0;21;380.99902;585.01105;1424.6719;1.0;23;393.84225;708.72595;1536.2731;1.0
6;1341765247795;?;0;400.97763;151.42145;1400.81;1.0;1;412.1594;256.7561;1363.1166;1.0;2;423.20563;342.56213;1368.2042;1.0;5;410.55875;252.85277;1506.1505;1.0;6;378.5125;319.3815;1470.006;1.0;8;312.70245;400.2052;1284.9989;1.0;11;414.13535;261.57465;1220.0826;1.0;12;373.44827;381.47723;1153.941;1.0;14;266.22815;416.41324;1426.7504;1.0;16;432.3615;417.86392;1440.3127;1.0;17;381.36246;558.9647;1533.4902;1.0;19;402.17438;665.5029;1669.9694;1.0;20;436.16406;438.61353;1306.271;1.0;21;381.49088;584.5996;1421.9607;1.0;23;394.321;708.5632;1533.5619;1.0
6;1341765247886;?;0;400.86533;151.12335;1401.6217;1.0;1;413.5924;256.21887;1363.1537;1.0;2;422.92303;343.21674;1359.4777;1.0;5;411.68112;254.93877;1505.2007;1.0;6;379.8022;322.894;1474.673;1.0;8;331.5488;453.026;1302.8956;1.0;11;415.94836;257.79678;1221.1066;1.0;12;375.4263;377.56042;1151.4792;1.0;14;296.43185;432.77206;1372.97;1.0;16;430.22388;420.64722;1432.2716;1.0;17;379.08658;562.3218;1525.4491;1.0;19;400.18607;669.0998;1661.9282;1.0;20;434.6333;441.92566;1279.3318;1.0;21;379.03125;590.4562;1395.0215;1.0;23;392.27298;716.20245;1506.6227;1.0
6;1341765247999;?;0;400.55057;151.17265;1402.8698;1.0;1;414.1298;255.8864;1363.2675;1.0;2;414.37524;345.76083;1340.9358;1.0;5;399.2985;260.0918;1504.5219;1.0;6;367.0178;328.4896;1476.5404;1.0;8;311.60538;394.20386;1510.4895;1.0;11;432.38986;250.7088;1222.0132;1.0;12;393.45752;370.704;1150.3671;1.0;14;323.22397;455.56204;1367.3007;1.0;16;407.6968;432.64264;1378.9247;1.0;17;356.1322;578.692;1472.1022;1.0;19;379.879;687.6223;1608.5813;1.0;20;422.22586;445.29504;1258.2834;1.0;21;366.81677;595.81726;1373.9731;1.0;23;381.1637;722.94244;1485.5743;1.0
6;1341765248079;?;0;400.55057;151.17265;1402.8698;1.0;1;414.1298;255.8864;1363.2675;1.0;2;414.37524;345.76083;1340.9358;1.0;5;399.2985;260.0918;1504.5219;1.0;6;367.0178;328.4896;1476.5404;1.0;8;311.60538;394.20386;1510.4895;1.0;11;432.38986;250.7088;1222.0132;1.0;12;393.45752;370.704;1150.3671;1.0;14;323.22397;455.56204;1367.3007;1.0;16;407.6968;432.64264;1378.9247;1.0;17;356.1322;578.692;1472.1022;1.0;19;379.879;687.6223;1608.5813;1.0;20;422.22586;445.29504;1258.2834;1.0;21;366.81677;595.81726;1373.9731;1.0;23;381.1637;722.94244;1485.5743;1.0
